Size,Time
2,0.000000
4,0.000001
8,0.000001
16,0.000004
32,0.000042
64,0.000255
128,0.002596
256,0.010929
512,0.093416
1024,0.768379
2048,6.500151
4096,52.625002
