Size,Time
2,0.000004
4,0.000010
8,0.000069
16,0.000251
32,0.001887
64,0.002662
128,0.004824
256,0.017635
512,0.241765
1024,5.071203
2048,43.606472
4096,419.163853