Size,Time
2,0.000000
4,0.000000
8,0.000000
16,0.000002
32,0.000022
64,0.000233
128,0.002271
256,0.016281
512,0.339345
1024,6.262954
2048,50.933313
4096,940.648734