Size,Time
2,0.000008
4,0.000012
8,0.000048
16,0.000233
32,0.001519
64,0.011056
128,0.085281
256,0.667915
512,5.761569
1024,63.186665
2048,621.308472
4096,5300.607593