Size,Time
2,0.001105
4,0.001100
8,0.001145
16,0.001275
32,0.001138
64,0.001206
128,0.001245
256,0.001343
512,0.005607
1024,0.034190
2048,0.285654
4096,3.538348
